City_ID,City,Country,Lat,Lng,Max Temp,Humidity,Cloudiness,Wind Speed,Current Description
0,Avarua,CK,-21.2078,-159.775,68.05,88,11,1.14,few clouds
1,Usta Muhammad,PK,28.1794,68.0445,89.65,25,0,4.79,clear sky
2,Mataura,NZ,-46.1927,168.8643,47.48,91,73,2.77,broken clouds
3,Bow Island,CA,49.8668,-111.3684,46.42,63,49,2.3,scattered clouds
4,Lompoc,US,34.6391,-120.4579,65.57,83,90,0.0,overcast clouds
5,Miraflores,MX,19.2167,-98.8083,65.16,62,68,3.96,broken clouds
6,Atuona,PF,-9.8,-139.0333,77.65,78,42,16.6,light rain
7,Tambura,SS,5.6,27.4667,75.96,80,42,2.44,scattered clouds
8,Puerto Ayora,EC,-0.7393,-90.3518,76.96,87,81,10.0,broken clouds
9,Hobart,AU,-42.8794,147.3294,49.26,73,36,1.99,scattered clouds
10,Castro,BR,-24.7911,-50.0119,71.92,79,100,1.88,overcast clouds
11,Punta Arenas,CL,-53.15,-70.9167,48.22,53,0,14.97,clear sky
12,Bambous Virieux,MU,-20.3428,57.7575,73.22,77,26,12.41,scattered clouds
13,Tongliao,CN,43.6125,122.2653,49.19,53,66,6.51,broken clouds
14,Umm Lajj,SA,25.0213,37.2685,83.35,64,0,10.31,clear sky
15,Rikitea,PF,-23.1203,-134.9692,73.04,78,72,9.22,broken clouds
16,Pisco,PE,-13.7,-76.2167,66.25,72,0,12.66,clear sky
17,Yenagoa,NG,4.9247,6.2642,79.95,83,100,5.39,light rain
18,Banjar,ID,-8.19,114.9675,76.91,87,8,6.89,clear sky
19,Neiafu,TO,-18.65,-173.9833,75.88,88,75,5.75,light rain
20,Taltal,CL,-25.4,-70.4833,60.58,76,99,5.48,overcast clouds
21,Dunmore East,IE,52.1514,-6.9861,62.78,96,75,16.11,broken clouds
22,Alta Floresta,BR,-9.8756,-56.0861,98.47,36,68,2.37,broken clouds
23,Belyy Yar,RU,53.6039,91.3903,39.09,65,75,13.42,broken clouds
24,Manggar,ID,-2.8833,108.2667,81.14,81,69,8.97,broken clouds
25,Flinders,AU,-34.5833,150.8552,62.2,75,84,1.99,broken clouds
26,Cherskiy,RU,68.75,161.3,-1.19,100,60,4.14,broken clouds
27,Savannah Bight,HN,16.45,-85.85,84.25,79,98,12.84,overcast clouds
28,Hearst,CA,49.6835,-83.6665,64.65,70,5,7.43,clear sky
29,New Norfolk,AU,-42.7826,147.0587,48.92,68,77,5.1,broken clouds
30,East London,ZA,-33.0153,27.9116,69.19,83,66,28.39,broken clouds
31,Bethel,US,41.3712,-73.414,72.81,76,75,1.01,broken clouds
32,Hilo,US,19.7297,-155.09,71.8,83,75,0.0,broken clouds
33,Mangai,CD,-4.05,19.5333,83.14,59,93,2.71,overcast clouds
34,Mamallapuram,IN,12.6264,80.1722,86.05,77,93,11.16,overcast clouds
35,Mocajuba,BR,-2.5842,-49.5072,98.58,34,42,4.85,scattered clouds
36,Tuktoyaktuk,CA,69.4541,-133.0374,29.86,79,13,10.71,few clouds
37,Nikolskoye,RU,59.7035,30.7861,54.39,51,38,10.25,scattered clouds
38,Talcher,IN,20.95,85.2167,82.63,75,96,2.53,overcast clouds
39,Beloha,MG,-25.1667,45.05,65.52,59,47,12.77,scattered clouds
40,Bilma,NE,18.6853,12.9164,94.01,12,0,1.16,clear sky
41,Ushuaia,AR,-54.8,-68.3,47.86,43,0,3.44,clear sky
42,Vanavara,RU,60.34,102.2797,33.1,98,100,8.63,light snow
43,Dikson,RU,73.5069,80.5464,34.88,92,97,22.08,overcast clouds
44,Busselton,AU,-33.65,115.3333,53.1,76,96,10.36,overcast clouds
45,Victoria,HK,22.2855,114.1577,80.58,93,100,1.99,moderate rain
46,Bluff,NZ,-46.6,168.3333,47.8,90,88,3.87,overcast clouds
47,Tiksi,RU,71.6872,128.8694,28.06,92,100,9.78,overcast clouds
48,Tasiilaq,GL,65.6145,-37.6368,35.76,51,4,7.2,clear sky
49,Airai,TL,-8.9266,125.4092,60.98,81,77,2.37,broken clouds
50,Mar Del Plata,AR,-38.0023,-57.5575,53.62,66,0,8.99,clear sky
51,Vaini,TO,-21.2,-175.2,71.76,94,90,6.91,heavy intensity rain
52,Sitka,US,57.0531,-135.33,48.09,66,90,20.71,light rain
53,Lebu,CL,-37.6167,-73.65,56.68,56,0,9.69,clear sky
54,Benguela,AO,-12.5763,13.4055,74.77,69,36,7.72,scattered clouds
55,Praia,CV,14.9215,-23.5087,88.34,58,40,12.66,scattered clouds
56,Kodiak,US,57.79,-152.4072,49.51,57,1,12.66,clear sky
57,Comodoro Rivadavia,AR,-45.8667,-67.5,51.66,43,0,6.91,clear sky
58,Clyde River,CA,70.4692,-68.5914,35.33,85,96,1.59,overcast clouds
59,Arsk,RU,56.0915,49.8778,37.18,61,9,3.4,clear sky
60,Lodja,CD,-3.4833,23.4333,82.08,56,98,4.09,overcast clouds
61,Bellefontaine,US,40.3612,-83.7597,71.08,91,75,1.99,broken clouds
62,Marawi,PH,7.9986,124.2928,68.65,94,100,1.7,overcast clouds
63,Jamestown,US,42.097,-79.2353,73.94,73,40,4.61,scattered clouds
64,Albany,US,42.6001,-73.9662,71.53,76,1,1.05,clear sky
65,Autun,FR,46.95,4.3,60.24,70,32,6.42,scattered clouds
66,Fortuna,US,40.5982,-124.1573,51.66,68,75,1.01,broken clouds
67,Port Lincoln,AU,-34.7333,135.8667,49.87,75,99,6.26,overcast clouds
68,San Patricio,US,28.017,-97.5169,84.87,46,0,3.56,clear sky
69,Port Elizabeth,ZA,-33.918,25.5701,75.09,82,99,19.28,overcast clouds
70,Lander,US,42.833,-108.7307,57.06,53,75,0.0,broken clouds
71,Georgetown,MY,5.4112,100.3354,82.89,85,20,2.3,few clouds
72,Meulaboh,ID,4.1363,96.1285,77.27,87,100,3.31,overcast clouds
73,Arraial Do Cabo,BR,-22.9661,-42.0278,76.86,78,40,11.5,scattered clouds
74,Samarai,PG,-10.6167,150.6667,79.65,85,52,7.74,broken clouds
75,Garowe,SO,8.4054,48.4845,88.68,35,47,11.63,scattered clouds
76,Longyearbyen,SJ,78.2186,15.6401,28.24,64,75,8.05,broken clouds
77,Doka,SD,13.5167,35.7667,78.44,73,57,3.89,broken clouds
78,Sivas,TR,39.7916,37.0019,50.63,66,0,9.22,clear sky
79,Cape Town,ZA,-33.9258,18.4232,70.09,55,0,13.56,clear sky
80,Sorkjosen,NO,69.8,20.9333,39.2,70,75,10.36,broken clouds
81,Monte Carmelo,BR,-18.7247,-47.4986,95.16,22,23,7.23,few clouds
82,Saint George,US,37.1041,-113.5841,70.27,63,1,0.0,clear sky
83,Hermanus,ZA,-34.4187,19.2345,68.81,65,28,7.52,scattered clouds
84,Chuy,UY,-33.6971,-53.4616,57.85,49,6,9.08,clear sky
85,Cockburn Town,TC,21.4612,-71.1419,85.96,66,40,13.8,scattered clouds
86,Point Pedro,LK,9.8167,80.2333,82.42,80,100,19.01,overcast clouds
87,Arbroath,GB,56.5632,-2.5874,64.38,95,100,14.27,overcast clouds
88,Gandorhun,SL,7.5,-11.8333,83.43,79,73,4.88,light rain
89,Kaitangata,NZ,-46.2817,169.8464,47.77,89,58,4.56,broken clouds
90,Salina,US,38.8403,-97.6114,75.31,63,1,5.01,clear sky
91,Bosaso,SO,11.2842,49.1816,86.63,73,7,3.2,clear sky
92,Rudsar,IR,37.1376,50.288,58.98,86,100,3.33,overcast clouds
93,Tilichiki,RU,60.4667,166.1,27.32,66,99,7.07,overcast clouds
94,Qaqortoq,GL,60.7167,-46.0333,48.7,44,8,7.78,clear sky
95,Caravelas,BR,-17.7125,-39.2481,85.69,55,29,12.82,scattered clouds
96,Jega,NG,12.2175,4.3792,96.73,30,97,1.83,overcast clouds
97,Port Alfred,ZA,-33.5906,26.891,69.03,84,88,30.62,overcast clouds
98,Carnarvon,AU,-24.8667,113.6333,64.47,77,40,13.8,scattered clouds
99,Kapaa,US,22.0752,-159.319,73.72,82,75,1.99,light rain
100,Zhangye,CN,38.9342,100.4517,57.0,45,91,2.1,overcast clouds
101,Oussouye,SN,12.485,-16.5469,95.18,52,100,3.49,light rain
102,Mahanoro,MG,-19.9,48.8,69.96,84,99,10.49,light rain
103,Cayenne,GF,4.9333,-52.3333,91.44,75,75,1.99,broken clouds
104,Maun,BW,-19.9833,23.4167,92.61,16,63,4.41,broken clouds
105,Peniche,PT,39.3558,-9.3811,87.28,53,0,13.67,clear sky
106,Ponta Do Sol,PT,32.6667,-17.1,79.0,72,26,0.76,scattered clouds
107,Nantucket,US,41.2835,-70.0995,70.14,74,1,6.91,clear sky
108,Mogadishu,SO,2.0371,45.3438,78.08,80,72,19.39,broken clouds
109,Dutse,NG,11.7594,9.3392,92.95,32,11,2.68,few clouds
110,Yellowknife,CA,62.456,-114.3525,36.41,100,100,1.01,light rain
111,Manokwari,ID,-0.8667,134.0833,80.04,77,100,9.01,overcast clouds
112,Haines Junction,CA,60.7522,-137.5108,31.3,94,100,0.85,overcast clouds
113,Klyuchi,RU,52.2667,79.1667,39.29,86,100,13.31,overcast clouds
114,Belmonte,BR,-15.8631,-38.8828,84.7,61,2,10.2,clear sky
115,Ribeira Grande,PT,38.5167,-28.7,73.8,64,20,11.5,few clouds
116,Porto Novo,BJ,6.4965,2.6036,84.02,68,94,8.59,overcast clouds
117,Mae Sai,TH,20.4335,99.8762,75.43,85,20,2.44,few clouds
118,Cabo San Lucas,MX,22.8909,-109.9124,91.71,57,1,8.05,clear sky
119,Lehi,US,40.3916,-111.8508,63.68,77,72,4.0,broken clouds
120,Bosobolo,CD,4.1833,19.9,78.85,85,94,2.3,overcast clouds
121,Iqaluit,CA,63.7506,-68.5145,40.69,73,87,5.01,overcast clouds
122,Malanje,AO,-9.5402,16.341,84.29,37,93,4.7,overcast clouds
123,Kavaratti,IN,10.5669,72.642,82.24,78,80,8.43,broken clouds
124,Rusape,ZW,-18.5278,32.1284,65.52,60,6,8.66,clear sky
125,Beruwala,LK,6.4788,79.9828,80.46,85,60,7.47,broken clouds
126,Alice Springs,AU,-23.7,133.8833,67.55,68,0,2.3,clear sky
127,Gornopravdinsk,RU,60.05,69.9,40.03,93,57,5.75,broken clouds
128,Upernavik,GL,72.7868,-56.1549,26.89,47,11,4.14,few clouds
129,Buchanan,LR,5.8808,-10.0467,85.96,80,76,8.46,light rain
130,Luderitz,NA,-26.6481,15.1594,62.56,67,1,5.73,clear sky
131,Lima,PE,-12.0432,-77.0282,64.38,93,75,10.36,broken clouds
132,Bredasdorp,ZA,-34.5322,20.0403,68.29,65,100,5.57,overcast clouds
133,Okha,RU,53.5739,142.9478,35.74,72,71,8.01,broken clouds
134,Fare,PF,-16.7,-151.0167,77.85,75,8,8.46,clear sky
135,Hithadhoo,MV,-0.6,73.0833,83.52,74,42,10.38,scattered clouds
136,Bud,US,39.447,-86.1758,73.35,80,99,7.96,overcast clouds
137,Hobyo,SO,5.3505,48.5268,78.51,81,79,25.86,broken clouds
138,Cacule,BR,-14.5033,-42.2222,95.52,21,1,8.16,clear sky
139,Wodonga,AU,-36.1167,146.8833,45.05,85,30,3.44,scattered clouds
140,Mahebourg,MU,-20.4081,57.7,73.26,78,15,11.77,light rain
141,Luanda,AO,-8.8368,13.2343,75.4,79,24,16.06,few clouds
142,Zhezkazgan,KZ,47.8043,67.7144,38.26,46,0,10.27,clear sky
143,Panzhihua,CN,26.5851,101.7128,68.04,94,34,1.72,scattered clouds
144,Ashqelon,IL,31.6693,34.5715,81.41,57,0,16.17,clear sky
145,Karakol,KG,42.4907,78.3936,27.73,95,100,8.03,light snow
146,Deqing,CN,30.5448,119.9599,75.16,93,72,3.71,light rain
147,Trelew,AR,-43.249,-65.3051,58.86,46,92,21.12,overcast clouds
148,Kalmunai,LK,7.4167,81.8167,81.66,76,81,11.5,broken clouds
149,Butaritari,KI,3.0707,172.7902,82.42,66,57,15.3,broken clouds
150,Antonina,BR,-25.4286,-48.7119,69.62,95,100,2.75,overcast clouds
151,Naples,IT,40.8333,14.25,66.81,71,40,1.01,light rain
152,Skibbereen,IE,51.55,-9.2667,60.6,96,100,15.95,overcast clouds
153,Chicama,PE,-7.8447,-79.1469,61.34,70,89,8.52,overcast clouds
154,Namibe,AO,-15.1961,12.1522,68.49,69,46,14.14,scattered clouds
155,Waterloo,CA,43.4668,-80.5164,67.08,99,90,3.0,overcast clouds
156,Oranjestad,AW,12.524,-70.027,87.75,62,40,19.57,scattered clouds
157,Las Vigas,MX,19.6333,-97.0833,57.65,53,49,4.12,scattered clouds
158,Ust-Nera,RU,64.5667,143.2,21.63,91,94,5.39,overcast clouds
159,Oneonta,US,42.4529,-75.0638,70.11,83,0,3.53,clear sky
160,Kampene,CD,-3.6,26.6667,75.36,77,80,1.52,broken clouds
161,Klaksvik,FO,62.2266,-6.589,52.72,97,100,22.01,overcast clouds
162,Poum,NC,-20.2333,164.0167,74.17,68,90,15.61,overcast clouds
163,Bilibino,RU,68.0546,166.4372,-1.23,98,91,3.87,overcast clouds
164,Goure,NE,13.9835,10.2704,96.03,11,41,8.08,scattered clouds
165,Barrow,US,71.2906,-156.7887,33.82,86,90,6.91,overcast clouds
166,Kitimat,CA,54.0524,-128.6534,43.18,33,100,2.51,overcast clouds
167,Port Hardy,CA,50.6996,-127.4199,44.6,100,75,2.3,broken clouds
168,Bintulu,MY,3.1667,113.0333,77.41,100,40,0.0,scattered clouds
169,Arlit,NE,18.7369,7.3853,96.96,8,0,15.64,clear sky
170,Tefe,BR,-3.3542,-64.7114,87.91,70,20,2.86,light rain
171,Labuhan,ID,-6.8844,112.2051,80.04,68,27,9.04,scattered clouds
172,Dedza,MW,-14.3779,34.3332,70.5,29,10,8.34,clear sky
173,Guaruja,BR,-23.9931,-46.2564,73.17,52,90,1.01,overcast clouds
174,Puerto Baquerizo Moreno,EC,-0.9,-89.6,72.59,83,75,16.11,broken clouds
175,Sindal,DK,57.4712,10.2031,58.77,78,100,4.65,overcast clouds
176,Sorland,NO,67.667,12.6934,44.46,66,100,19.98,overcast clouds
177,Geraldton,AU,-28.7667,114.6,52.21,87,75,5.75,broken clouds
178,Bakchar,RU,57.0186,82.0711,40.33,91,100,6.85,overcast clouds
179,Shuya,RU,56.8487,41.3883,41.29,74,0,4.0,clear sky
180,Port Hedland,AU,-20.3167,118.5667,68.05,94,0,5.75,clear sky
181,Yarmouth,US,41.7057,-70.2286,72.97,71,1,5.75,clear sky
182,Thompson,CA,55.7435,-97.8558,61.7,66,100,8.1,overcast clouds
183,Ahipara,NZ,-35.1667,173.1667,56.68,93,43,10.47,scattered clouds
184,Saint-Philippe,RE,-21.3585,55.7679,71.19,77,99,12.35,light rain
185,Olinda,BR,-8.0089,-34.8553,83.93,70,40,10.36,scattered clouds
186,Komsomolskiy,UZ,40.4272,71.7189,57.92,72,98,4.61,light rain
187,Shimoda,JP,34.6667,138.95,71.71,88,65,6.22,broken clouds
188,Deulgaon Raja,IN,20.0167,76.0333,77.36,78,77,5.99,broken clouds
189,Kabare,CD,-2.4683,28.8242,66.54,79,50,0.45,scattered clouds
190,Koumac,NC,-20.5667,164.2833,71.55,70,71,3.78,broken clouds
191,Tharad,IN,24.3961,71.6267,88.66,48,63,5.53,broken clouds
192,Maceio,BR,-9.6658,-35.7353,89.04,55,75,10.36,broken clouds
193,Hovd,MN,48.0056,91.6419,30.99,30,0,3.71,clear sky
194,Khovu-Aksy,RU,51.1333,93.6,26.22,92,100,3.69,overcast clouds
195,Gararu,BR,-9.9675,-37.0833,93.43,36,94,14.58,overcast clouds
196,Launceston,AU,-41.45,147.1667,45.61,87,50,3.0,scattered clouds
197,Eskil,TR,38.4017,33.4131,59.54,39,0,4.92,clear sky
198,Borova,UA,50.1763,30.1043,49.33,39,16,7.67,few clouds
199,Steinbach,DE,50.1667,8.5667,60.87,68,20,4.61,few clouds
200,Severo-Yeniseyskiy,RU,60.3725,93.0408,31.08,98,100,5.59,light snow
201,Busdi,PH,8.2761,125.2514,69.08,92,95,3.85,overcast clouds
202,Sheridan,US,44.8333,-106.9173,62.98,39,1,3.0,clear sky
203,Christchurch,NZ,-43.5333,172.6333,53.94,75,43,4.61,scattered clouds
204,Baie-Saint-Paul,CA,47.4411,-70.4986,71.73,51,51,4.23,broken clouds
205,Yar-Sale,RU,66.8333,70.8333,43.21,84,100,20.83,overcast clouds
206,Ndele,CF,8.4109,20.6473,80.17,76,97,0.74,light rain
207,Mount Pleasant,US,32.7941,-79.8626,83.17,84,75,1.01,broken clouds
208,Uhlove,UA,44.8215,33.6045,52.57,70,24,15.19,few clouds
209,Dire,ML,12.2833,-10.9667,91.04,60,98,4.43,light rain
210,Trinidad,BO,-14.8333,-64.9,91.38,52,75,3.44,broken clouds
211,Mount Gambier,AU,-37.8333,140.7667,42.62,96,99,5.28,overcast clouds
212,Faanui,PF,-16.4833,-151.75,78.1,75,22,10.58,few clouds
213,Nyurba,RU,63.2842,118.3319,33.62,98,100,7.96,overcast clouds
214,Paamiut,GL,61.994,-49.6678,36.64,56,2,9.89,clear sky
215,Atbasar,KZ,51.8,68.3333,38.97,68,68,7.25,broken clouds
216,Diego De Almagro,CL,-26.3667,-70.05,75.34,20,67,9.6,broken clouds
217,Katsuura,JP,35.1333,140.3,74.1,80,93,15.86,overcast clouds
218,Simbahan,PH,6.3032,120.5836,83.34,78,37,10.27,scattered clouds
219,Axim,GH,4.8699,-2.2405,81.52,76,86,7.43,light rain
220,General Pico,AR,-35.6566,-63.7568,65.1,33,0,12.19,clear sky
221,Talcahuano,CL,-36.7167,-73.1167,56.88,77,20,14.97,few clouds
222,Najran,SA,17.4924,44.1277,83.05,32,7,15.19,clear sky
223,Inhambane,MZ,-23.865,35.3833,73.38,68,40,6.91,scattered clouds
224,Coquimbo,CL,-29.9533,-71.3436,58.73,72,90,11.5,overcast clouds
225,Agadez,NE,19.75,10.25,90.43,12,0,8.99,clear sky
226,Radhanpur,IN,23.8333,71.6,89.76,50,26,4.97,scattered clouds
227,Palimbang,PH,6.2106,124.1894,80.04,80,88,4.5,overcast clouds
228,Churapcha,RU,62.0025,132.4325,25.63,82,39,7.02,scattered clouds
229,Kaeo,NZ,-35.1,173.7833,54.32,97,59,7.07,broken clouds
230,Richards Bay,ZA,-28.783,32.0377,67.91,80,81,15.03,broken clouds
231,Tooele,US,40.5308,-112.2983,62.89,82,40,0.0,scattered clouds
232,Artur Nogueira,BR,-22.5731,-47.1725,76.39,64,98,7.18,overcast clouds
233,Salima,MW,-13.7804,34.4587,85.64,26,7,11.1,clear sky
234,Chokurdakh,RU,70.6333,147.9167,8.49,90,94,5.55,overcast clouds
235,Dunedin,NZ,-45.8742,170.5036,52.45,78,98,3.89,light rain
236,Imbituba,BR,-28.24,-48.6703,67.89,60,93,13.82,overcast clouds
237,San Ramon,US,37.7799,-121.978,60.17,77,1,5.99,clear sky
238,Ballangen,NO,68.3428,16.8315,42.4,60,75,18.41,broken clouds
239,Vitim,RU,59.4511,112.5578,34.23,98,100,10.36,light rain
240,Rio Grande,BR,-32.035,-52.0986,62.94,52,9,9.91,clear sky
241,Kurayoshi,JP,35.4333,133.8167,66.02,89,2,3.51,clear sky
242,Berlevag,NO,70.8578,29.0864,39.2,70,100,24.18,overcast clouds
243,Kodinsk,RU,58.6881,99.1844,33.3,98,100,6.69,light snow
244,Sydney,AU,-33.8679,151.2073,61.9,68,75,1.99,broken clouds
245,Korla,CN,41.7597,86.1469,50.88,53,100,24.56,overcast clouds
246,Te Anau,NZ,-45.4167,167.7167,49.35,96,100,2.46,overcast clouds
247,Kapit,MY,2.0167,112.9333,75.61,91,17,1.7,few clouds
248,Borogontsy,RU,62.6683,131.1683,26.17,86,73,5.39,broken clouds
249,Tsaratanana,MG,-16.7833,47.65,80.96,38,3,5.19,clear sky
250,Sokoto,NG,13.0609,5.239,97.81,23,98,2.71,overcast clouds
251,Cap Malheureux,MU,-19.9842,57.6142,73.89,76,2,1.01,clear sky
252,Maldonado,UY,-34.6667,-54.9167,53.22,51,5,7.67,clear sky
253,Puerto Colombia,CO,10.9878,-74.9547,89.69,73,100,2.86,overcast clouds
254,Esperance,AU,-33.8667,121.9,56.79,73,39,11.63,scattered clouds
255,Sao Jose Da Coroa Grande,BR,-8.8978,-35.1478,81.43,67,95,8.57,overcast clouds
256,Puerto Palomas,MX,31.7667,-107.6167,70.93,26,55,7.45,broken clouds
257,Vao,NC,-22.6667,167.4833,68.54,65,26,15.28,scattered clouds
258,Ligayan,PH,4.6533,119.4706,84.18,75,13,11.45,few clouds
259,Narsaq,GL,60.9167,-46.05,48.42,41,10,8.79,clear sky
260,San Angelo,US,31.4638,-100.437,86.29,45,1,1.01,clear sky
261,Rorvik,NO,64.8621,11.2373,48.18,71,97,7.65,overcast clouds
262,Panguna,PG,-6.3164,155.4848,67.33,94,61,1.81,broken clouds
263,Baoqing,CN,46.3317,132.2111,45.61,66,53,7.25,broken clouds
264,Bernalillo,US,35.05,-106.6673,73.26,51,75,3.44,broken clouds
265,Bloemhof,ZA,-27.6469,25.607,64.53,75,98,15.82,moderate rain
266,Amapa,BR,1.0,-52.0,97.92,33,58,4.72,broken clouds
267,Novyy Urengoy,RU,66.0833,76.6333,42.57,93,100,13.65,light rain
268,Senneterre,CA,48.3835,-77.2328,64.62,64,21,5.06,few clouds
269,Sao Miguel Do Araguaia,BR,-13.275,-50.1628,104.4,15,7,9.71,clear sky
270,Fort Nelson,CA,58.8053,-122.7002,32.09,63,11,2.35,few clouds
271,Lavrentiya,RU,65.5833,-171.0,35.38,94,100,2.35,overcast clouds
272,Alugan,PH,12.2188,125.4808,77.77,93,100,8.9,overcast clouds
273,Lujiang,CN,31.2581,117.2817,60.85,89,100,12.48,overcast clouds
274,Waipawa,NZ,-41.4122,175.5153,55.02,95,100,3.96,moderate rain
275,Codrington,AU,-38.2667,141.9667,43.83,93,99,8.46,overcast clouds
276,Dickinson,US,29.4608,-95.0513,85.19,60,1,3.44,clear sky
277,Ostrovnoy,RU,68.0531,39.5131,48.72,90,100,27.51,overcast clouds
278,Hasaki,JP,35.7333,140.8333,70.29,79,95,16.53,overcast clouds
279,Lengshuitan,CN,26.4111,111.5956,67.01,71,96,8.19,overcast clouds
280,Salinas,US,36.6777,-121.6555,60.21,75,1,4.61,clear sky
281,Kahului,US,20.8947,-156.47,76.84,69,20,10.36,few clouds
282,Gazojak,TM,41.1875,61.4036,52.79,18,93,12.1,overcast clouds
283,Aklavik,CA,68.2191,-135.0107,20.43,88,6,5.5,clear sky
284,Vredendal,ZA,-31.6683,18.5012,65.97,60,0,12.66,clear sky
285,Nador,MA,35.174,-2.9287,71.85,78,20,6.91,few clouds
286,Muros,ES,42.7762,-9.0603,81.68,71,61,7.49,broken clouds
287,Prado,BR,-17.3411,-39.2208,81.23,62,20,12.26,few clouds
288,Vostok,RU,46.4856,135.8833,37.02,86,82,5.37,broken clouds
289,Burnie,AU,-41.0667,145.9167,46.94,86,53,8.57,broken clouds
290,Sao Filipe,CV,14.8961,-24.4956,80.53,76,19,8.79,few clouds
291,Kirakira,SB,-10.4544,161.9205,78.66,86,95,8.95,overcast clouds
292,Piacabucu,BR,-10.4056,-36.4344,82.96,58,94,9.66,overcast clouds
293,Kanchanaburi,TH,14.6333,99.1,75.65,91,100,2.89,light rain
294,Hecun,CN,36.5333,114.1111,54.88,85,100,2.42,light rain
295,Khatanga,RU,71.9667,102.5,11.43,96,99,4.12,overcast clouds
296,La Asuncion,VE,11.0333,-63.8628,87.53,62,1,11.5,clear sky
297,Mercedes,AR,-34.6515,-59.4307,63.79,36,0,4.7,clear sky
298,Dumas,US,35.8656,-101.9732,76.66,35,1,14.97,clear sky
299,Sao Joao Da Barra,BR,-21.6403,-41.0511,84.29,68,61,10.92,broken clouds
300,San Isidro,PE,-12.1167,-77.05,65.5,91,75,5.01,broken clouds
301,Sakakah,SA,29.9697,40.2064,87.37,19,0,15.48,clear sky
302,Ilulissat,GL,69.2167,-51.1,28.42,50,20,4.61,few clouds
303,Madang,PG,-5.2246,145.7966,75.52,93,35,3.58,scattered clouds
304,Talnakh,RU,69.4865,88.3972,35.46,100,100,7.54,moderate rain
305,Zeya,RU,53.75,127.2667,29.21,95,51,3.44,broken clouds
306,Pitimbu,BR,-7.4706,-34.8086,88.39,67,98,11.95,overcast clouds
307,Nioro,GM,13.35,-15.75,93.65,48,100,3.31,overcast clouds
308,Grand Gaube,MU,-20.0064,57.6608,73.38,75,2,1.01,clear sky
309,Rovaniemi,FI,66.5,25.7167,38.61,93,75,14.97,broken clouds
310,Midland,US,31.9974,-102.0779,86.05,29,1,8.05,clear sky
311,Bengkulu,ID,-3.8004,102.2655,75.94,89,98,3.62,light rain
312,Provideniya,RU,64.3833,-173.3,35.82,99,100,5.64,light rain
313,Tual,ID,-5.6667,132.75,81.52,79,54,9.91,broken clouds
314,Kruisfontein,ZA,-34.0033,24.7314,72.88,73,100,6.98,overcast clouds
315,Nizwa,OM,22.9333,57.5333,90.36,33,0,3.09,clear sky
316,Pevek,RU,69.7008,170.3133,25.41,80,100,10.31,overcast clouds
317,Alenquer,BR,-1.9417,-54.7383,89.94,34,41,4.14,scattered clouds
318,Hambantota,LK,6.1241,81.1185,80.78,83,69,13.31,broken clouds
319,Tsumeb,NA,-19.2333,17.7167,91.6,19,58,12.5,broken clouds
320,Coahuayana,MX,18.7333,-103.6833,87.28,63,24,2.13,few clouds
321,Cuamba,MZ,-14.8031,36.5372,80.64,32,4,10.18,clear sky
322,Homer,US,59.6425,-151.5483,46.8,82,20,6.91,few clouds
323,Touros,BR,-5.1989,-35.4608,88.7,61,79,17.65,broken clouds
324,Panorama,GR,40.5878,23.0315,63.99,63,40,1.01,scattered clouds
325,Jalu,LY,29.0331,21.5482,82.06,21,0,5.64,clear sky
326,Silvan,TR,38.1419,41.0081,64.69,22,0,2.19,clear sky
327,San Carlos De Bariloche,AR,-41.1456,-71.3082,55.15,21,0,8.05,clear sky
328,Severo-Kurilsk,RU,50.6789,156.125,44.04,78,22,18.43,few clouds
329,Khandbari,NP,27.3747,87.2039,69.93,93,45,0.89,scattered clouds
330,Panjab,AF,34.388,67.0233,48.76,26,0,5.03,clear sky
331,Westport,US,41.1415,-73.3579,74.35,70,40,3.0,scattered clouds
332,Inuvik,CA,68.3499,-133.7218,27.46,86,20,5.75,few clouds
333,Terekli-Mekteb,RU,44.1671,45.8698,50.61,57,96,18.97,overcast clouds
334,Spasskoye,RU,44.6108,132.7969,44.13,90,5,7.65,clear sky
335,Middleton,GB,53.55,-2.2,67.91,84,90,7.72,overcast clouds
336,Selma,US,36.5708,-119.6121,65.59,88,1,0.0,clear sky
337,Vila Franca Do Campo,PT,37.7167,-25.4333,73.2,84,100,7.09,overcast clouds
338,Yining,CN,29.0361,114.5636,65.26,88,59,2.46,broken clouds
339,Inta,RU,66.0317,60.1659,46.44,77,100,20.33,overcast clouds
340,Maroon Town,JM,18.3446,-77.7954,84.6,59,37,5.77,moderate rain
341,Anqing,CN,30.5092,117.0506,64.96,80,93,8.41,overcast clouds
342,Livingston,GB,55.9029,-3.5226,63.84,88,100,12.53,overcast clouds
343,Puerto Madero,MX,14.7208,-92.4215,88.0,79,75,0.0,broken clouds
344,Kloulklubed,PW,7.0419,134.2556,82.9,76,100,21.74,heavy intensity rain
345,Gwadar,PK,25.1216,62.3254,82.0,75,0,13.18,clear sky
346,Omboue,GA,-1.5746,9.2618,78.13,77,96,9.46,overcast clouds
347,College,US,64.8569,-147.8028,35.58,95,90,0.0,light rain
348,Jackson,US,42.4165,-122.8345,47.44,90,75,0.0,broken clouds
349,Joshimath,IN,30.5667,79.5667,63.88,84,50,2.13,scattered clouds
350,Iranshahr,IR,27.2025,60.6848,91.74,21,0,4.61,clear sky
351,Buala,SB,-8.145,159.5921,80.08,83,37,6.8,scattered clouds
352,Hvide Sande,DK,56.0045,8.1294,57.99,78,90,11.25,overcast clouds
353,Fairbanks,US,64.8378,-147.7164,35.6,95,90,5.75,light rain
354,Matay,EG,28.419,30.7792,82.09,26,0,11.97,clear sky
355,Narasannapeta,IN,18.4167,84.05,80.38,85,7,3.27,clear sky
356,Kavieng,PG,-2.5744,150.7967,80.82,77,18,5.28,few clouds
357,Mackay,AU,-21.15,149.2,72.68,83,17,6.71,few clouds
358,Shelburne,CA,44.0787,-80.2041,64.6,100,50,5.1,scattered clouds
359,San Quintin,MX,30.4833,-115.95,67.37,77,100,10.09,overcast clouds
360,Ancud,CL,-41.8697,-73.8203,56.73,63,4,4.36,clear sky
361,Bukama,CD,-9.2,25.85,89.37,26,100,2.86,overcast clouds
362,Qaanaaq,GL,77.484,-69.3632,19.49,60,47,7.61,scattered clouds
363,Saskylakh,RU,71.9167,114.0833,14.77,93,98,8.37,overcast clouds
364,Emerald,AU,-23.5333,148.1667,68.99,46,7,7.29,clear sky
365,Rio Verde De Mato Grosso,BR,-18.9181,-54.8442,91.63,44,89,4.88,overcast clouds
366,Baglung,NP,28.2719,83.5898,67.23,94,27,3.24,scattered clouds
367,Moyo,UG,3.6609,31.7247,67.23,94,39,1.99,moderate rain
368,Yulara,AU,-25.2406,130.9889,67.84,52,0,4.61,clear sky
369,Bafra,TR,41.5678,35.9069,62.82,79,77,3.62,broken clouds
370,San Pedro,PH,14.35,121.0167,81.63,87,40,1.14,haze
371,Dinslaken,DE,51.5667,6.7333,62.11,84,29,1.9,scattered clouds
372,Rio Gallegos,AR,-51.6226,-69.2181,53.65,40,0,9.22,clear sky
373,Kristiansund,NO,63.1115,7.732,53.65,87,75,4.61,broken clouds
374,Lagoa,PT,39.05,-27.9833,69.28,72,24,11.48,few clouds
375,Cabedelo,BR,-6.9811,-34.8339,88.47,68,97,13.44,overcast clouds
376,Honiara,SB,-9.4333,159.95,77.77,88,37,5.35,scattered clouds
377,Vanimo,PG,-2.6741,141.3028,76.75,88,60,5.28,broken clouds
378,Padang,ID,-0.9492,100.3543,75.25,84,97,2.28,light rain
379,Constitucion,CL,-35.3333,-72.4167,60.13,64,0,11.03,clear sky
380,Necochea,AR,-38.5473,-58.7368,60.04,48,0,3.56,clear sky
381,Kokoda,PG,-8.8785,147.7407,74.1,95,75,0.87,broken clouds
382,Lufilufi,WS,-13.8745,-171.5986,76.78,80,57,15.99,light rain
383,Tambun,ID,-6.2641,107.0712,84.49,74,68,0.0,broken clouds
384,Young,UY,-32.6833,-57.6333,63.23,48,0,8.57,clear sky
385,Leningradskiy,RU,69.3833,178.4167,23.16,96,100,3.51,overcast clouds
386,Gardone Val Trompia,IT,45.6942,10.187,63.03,59,79,1.79,broken clouds
387,Pangnirtung,CA,66.1451,-65.7125,35.6,87,75,4.61,broken clouds
388,Los Llanos De Aridane,ES,28.6585,-17.9182,74.12,76,75,10.36,volcanic ash
389,Ketchikan,US,55.3422,-131.6461,46.38,87,90,23.02,moderate rain
390,Zheleznodorozhnyy,RU,55.7503,38.0042,48.61,58,0,3.74,clear sky
391,Zhigansk,RU,66.7697,123.3711,30.31,97,100,15.14,snow
392,Kedrovyy,RU,56.1667,91.8167,32.41,98,100,11.07,snow
393,Saint-Joseph,RE,-21.3667,55.6167,70.18,78,99,9.26,light rain
394,The Valley,AI,18.217,-63.0578,89.46,74,35,16.58,scattered clouds
395,Charlottesville,US,38.0293,-78.4767,72.12,87,90,0.0,overcast clouds
396,Canosa Di Puglia,IT,41.2196,16.0675,68.58,70,81,8.88,broken clouds
397,Olafsvik,IS,64.8945,-23.7142,45.97,70,100,29.8,overcast clouds
398,Mayo,US,38.8876,-76.5119,76.26,75,1,1.99,clear sky
399,Bratsk,RU,56.1325,101.6142,32.49,88,100,11.05,overcast clouds
400,Goderich,CA,43.7501,-81.7165,71.91,81,79,6.22,broken clouds
401,Mogok,MM,22.9167,96.5,65.61,97,12,2.28,few clouds
402,Sibolga,ID,1.7427,98.7792,76.77,87,93,2.48,overcast clouds
403,Kasongo-Lunda,CD,-6.4667,16.8167,90.18,42,95,4.23,overcast clouds
404,Tateyama,JP,34.9833,139.8667,74.01,94,75,6.91,mist
405,Pacific Grove,US,36.6177,-121.9166,58.8,82,75,1.99,broken clouds
406,Lensk,RU,60.7253,114.9278,33.35,96,100,11.52,light snow
407,Takestan,IR,36.0696,49.6959,55.53,78,20,15.3,few clouds
408,Novoagansk,RU,61.9449,76.6625,42.6,88,100,10.02,overcast clouds
409,Viedma,AR,-40.8135,-62.9967,65.82,14,0,14.99,clear sky
410,Mulege,MX,26.8833,-111.9833,86.58,35,28,3.74,scattered clouds
411,Wiwili,NI,13.6268,-85.8254,79.66,87,92,6.71,light rain
412,Dali,CN,25.7,100.1833,62.46,86,63,3.96,broken clouds
413,Buluang,PH,13.3068,123.3425,77.14,90,100,2.82,overcast clouds
414,Kulhudhuffushi,MV,6.6221,73.07,81.77,81,18,15.05,few clouds
415,Kindu,CD,-2.95,25.95,78.3,67,64,2.44,light rain
416,Wagar,SD,16.1525,36.2032,98.78,21,26,6.55,scattered clouds
417,Broome,US,42.2506,-75.833,73.81,68,90,1.01,overcast clouds
418,Sampit,ID,-2.5333,112.95,73.6,98,99,2.24,overcast clouds
419,Mackenzie,CA,55.2999,-123.1698,34.02,93,1,9.22,clear sky
420,Kirovskiy,RU,45.0917,133.5136,44.2,89,13,5.3,few clouds
421,Marystown,CA,47.1666,-55.1483,57.85,100,66,8.99,broken clouds
422,Khandyga,RU,62.6667,135.6,22.91,96,53,4.14,broken clouds
423,Dwarka,IN,22.2394,68.9678,83.23,79,37,10.42,scattered clouds
424,Quatre Cocos,MU,-20.2078,57.7625,73.09,77,33,11.5,scattered clouds
425,Coihaique,CL,-45.5752,-72.0662,57.81,50,20,9.22,few clouds
426,San Rafael,AR,-34.6177,-68.3301,64.22,22,0,10.22,clear sky
427,Snezhnogorsk,RU,69.1933,33.2531,35.38,96,100,17.78,overcast clouds
428,Batemans Bay,AU,-35.7167,150.1833,57.09,74,99,1.66,overcast clouds
429,Cidreira,BR,-30.1811,-50.2056,63.84,54,40,11.41,scattered clouds
430,Lorengau,PG,-2.0226,147.2712,79.77,77,36,1.59,scattered clouds
431,Belaya Gora,RU,68.5333,146.4167,17.44,79,91,6.89,overcast clouds
432,Jumla,NP,29.2747,82.1838,57.24,95,72,1.43,broken clouds
433,Okato,NZ,-39.2,173.8833,56.43,93,100,2.59,overcast clouds
434,Bulancak,TR,40.9372,38.2291,62.42,77,75,4.61,broken clouds
435,Allada,BJ,6.6655,2.1514,83.16,75,97,7.05,light rain
436,Baykit,RU,61.67,96.37,35.19,96,100,3.83,overcast clouds
437,Riyadh,SA,24.6877,46.7219,91.54,19,2,11.18,clear sky
438,Shar,KZ,49.5886,81.0453,34.45,75,45,6.91,scattered clouds
439,Maragogi,BR,-9.0122,-35.2225,81.59,67,94,9.06,overcast clouds
440,Ixtapa,MX,20.7,-105.2,84.22,78,1,4.61,clear sky
441,Mayumba,GA,-3.432,10.6554,77.36,80,98,9.06,overcast clouds
442,Naze,JP,28.3667,129.4833,76.64,74,72,14.25,broken clouds
443,Lukovetskiy,RU,64.2956,41.9211,55.38,67,12,13.8,light rain
444,Odienne,CI,9.51,-7.5692,88.03,57,100,3.38,overcast clouds
445,Voznesenskoye,RU,54.89,42.7569,41.25,59,0,2.62,clear sky
446,Tsiroanomandidy,MG,-18.7667,46.0333,73.81,35,0,9.69,clear sky
447,Lasa,IT,46.6166,10.7002,58.91,77,68,6.85,broken clouds
448,San Policarpo,PH,12.1791,125.5072,77.95,92,100,9.08,overcast clouds
449,Rocha,UY,-34.4833,-54.3333,56.41,52,5,8.16,clear sky
450,Monte Alegre De Sergipe,BR,-10.0272,-37.5622,92.84,30,78,10.56,broken clouds
451,Vila,PT,42.0304,-8.1588,72.34,59,5,3.78,clear sky
452,Oeiras,BR,-7.0253,-42.1311,104.02,16,69,5.97,broken clouds
453,Hunchun,CN,42.8675,130.3581,43.36,93,14,3.42,few clouds
454,Kusti,SD,13.1629,32.6635,94.73,30,83,3.62,broken clouds
455,Mwanza,TZ,-2.5167,32.9,77.94,57,5,9.82,clear sky
456,Hirara,JP,24.8,125.2833,82.8,77,49,14.97,scattered clouds
457,Korocha,RU,50.8107,37.1953,45.32,48,12,7.92,few clouds
458,Nouakchott,MR,18.0858,-15.9785,85.93,70,74,12.12,broken clouds
459,Kozulka,UA,50.0351,23.797,52.09,45,3,11.59,clear sky
460,Sisimiut,GL,66.9395,-53.6735,35.53,56,13,6.73,few clouds
461,Turukhansk,RU,65.8167,87.9833,38.71,99,100,9.44,light rain
462,Ternate,ID,0.8,127.4,81.52,80,57,9.44,broken clouds
463,Kyabe,TD,9.4515,18.9449,84.83,67,65,1.7,broken clouds
464,Oshnaviyeh,IR,37.0397,45.0983,46.65,71,6,3.85,clear sky
465,Ngama,TD,11.7833,17.1667,94.1,27,49,2.71,scattered clouds
466,Raha,IN,26.2333,92.5167,76.06,94,15,4.43,few clouds
467,Salalah,OM,17.0151,54.0924,80.69,89,40,5.75,scattered clouds
468,Campbellsville,US,37.3434,-85.3419,76.14,59,97,4.0,overcast clouds
469,Torrington,US,41.8007,-73.1212,73.06,69,0,1.79,clear sky
470,Henties Bay,NA,-22.116,14.2845,59.86,75,1,10.74,clear sky
471,Florida,US,28.7505,-82.5001,91.04,65,1,1.01,clear sky
472,Lucea,JM,18.451,-78.1736,89.85,68,38,12.77,scattered clouds
473,Verkhoyansk,RU,67.5447,133.385,27.91,55,100,12.97,overcast clouds
474,Souillac,MU,-20.5167,57.5167,73.36,80,14,8.95,light rain
475,Doha,QA,25.2867,51.5333,91.71,68,0,5.75,clear sky
476,Ucluelet,CA,48.9329,-125.5528,48.09,93,10,5.28,clear sky
477,Nishihara,JP,26.1842,127.7558,80.26,89,40,10.36,light rain
478,Guozhen,CN,34.3659,107.359,54.52,96,83,2.68,broken clouds
479,Marrakesh,MA,31.6315,-8.0083,93.27,17,0,8.05,clear sky
480,Izberbash,RU,42.5696,47.8645,53.1,81,100,11.27,overcast clouds
481,Balkhash,KZ,46.844,74.9804,42.64,44,1,10.02,clear sky
482,Samana,DO,19.2056,-69.3369,84.42,89,40,0.0,scattered clouds
483,Keti Bandar,PK,24.1447,67.4497,83.03,78,100,8.97,overcast clouds
484,Pedasi,PA,7.5333,-80.0333,82.53,75,98,8.03,overcast clouds
485,Darnah,LY,32.767,22.6367,73.62,53,0,3.38,clear sky
486,Toamasina,MG,-18.1667,49.3833,71.6,94,75,4.61,moderate rain
487,Sola,VU,-13.8833,167.55,80.47,78,21,17.29,few clouds
488,Khetia,IN,21.6667,74.5833,83.55,67,48,4.45,scattered clouds
489,Bellevue,US,47.6104,-122.2007,50.59,90,90,1.01,overcast clouds
490,Laguna,US,38.421,-121.4238,64.45,68,1,4.0,clear sky
491,Ambulu,ID,-8.345,113.6058,73.45,84,40,3.04,scattered clouds
492,Kizlyar,RU,43.8469,46.715,50.49,61,84,15.28,broken clouds
493,Baruun-Urt,MN,46.6806,113.2792,43.95,45,100,8.5,overcast clouds
494,Half Moon Bay,US,37.4636,-122.4286,61.05,76,75,9.22,haze
495,Pontes E Lacerda,BR,-15.2261,-59.3353,94.32,41,70,4.14,broken clouds
496,Pangody,RU,65.85,74.4859,42.94,94,100,16.04,light rain
497,Dalby,AU,-27.1833,151.2667,58.98,62,87,6.4,overcast clouds
498,Nambucca Heads,AU,-30.65,153.0,63.0,62,79,9.1,broken clouds
499,Valkeakoski,FI,61.2642,24.0312,54.27,89,99,12.35,overcast clouds
500,Chapais,CA,49.7834,-74.8492,64.18,58,64,7.74,broken clouds
501,Utica,US,43.1009,-75.2327,71.65,85,0,1.01,clear sky
502,Gua Musang,MY,4.8823,101.9644,74.64,88,99,1.86,overcast clouds
503,Guaira,BR,-20.3183,-48.3106,89.33,37,86,3.67,overcast clouds
504,Aykhal,RU,66.0,111.5,22.14,97,98,6.8,overcast clouds
505,Olga,RU,43.7444,135.2892,43.21,92,13,5.03,few clouds
506,San Luis,AR,-33.295,-66.3356,67.71,29,0,13.6,clear sky
507,Nacala,MZ,-14.5428,40.6728,75.96,67,4,15.23,clear sky
508,Atasu,KZ,48.6814,71.6433,35.62,67,2,6.44,clear sky
509,Laukaa,RU,58.7372,29.8453,46.36,54,0,7.56,clear sky
510,Along,IN,28.1667,94.7667,71.78,98,6,1.59,clear sky
511,Cozumel,MX,20.5083,-86.9458,84.99,89,90,1.01,overcast clouds
512,San Juan,AR,-31.5375,-68.5364,77.72,22,0,4.56,clear sky
513,Mount Isa,AU,-20.7333,139.5,76.77,27,51,3.44,light rain
514,Loviisa,FI,60.4566,26.2251,51.03,75,100,13.62,overcast clouds
515,Xai-Xai,MZ,-25.0519,33.6442,70.03,73,53,12.91,broken clouds
516,Killybegs,IE,54.6333,-8.45,62.46,94,100,10.94,overcast clouds
517,Carlyle,US,38.6103,-89.3726,72.1,92,93,1.01,overcast clouds
518,Baraboo,US,43.4711,-89.7443,66.27,95,100,6.91,overcast clouds
519,Morondava,MG,-20.2833,44.2833,76.08,70,0,23.73,clear sky
520,Otane,NZ,-39.8833,176.6333,56.01,99,100,2.24,overcast clouds
521,Grindavik,IS,63.8424,-22.4338,46.9,81,90,27.63,heavy intensity rain
522,Santa Cruz,BO,-17.8,-63.1667,83.66,39,75,13.8,moderate rain
523,Limon,CR,10.0,-83.0333,78.69,89,75,4.61,broken clouds
524,Chifeng,CN,42.2683,118.9636,48.07,52,1,2.95,clear sky
525,Novobessergenevka,RU,47.1847,38.8462,53.24,40,34,20.74,scattered clouds
526,Shalya,RU,57.2471,58.7298,36.36,84,8,5.48,clear sky
527,Brewster,US,41.3973,-73.6171,73.06,82,75,4.61,broken clouds
528,Gat,IL,31.61,34.7642,81.39,54,0,13.15,clear sky
529,Luwuk,ID,-0.9516,122.7875,76.28,82,92,4.16,overcast clouds
530,Nuuk,GL,64.1835,-51.7216,36.21,55,20,11.5,few clouds
531,Haifa,IL,32.8156,34.9892,77.94,61,0,18.41,clear sky
532,Cookeville,US,36.1628,-85.5016,75.65,84,40,1.99,scattered clouds
533,Hamilton,US,39.1834,-84.5333,72.25,89,90,1.01,overcast clouds
534,Galveston,US,29.3669,-94.9669,85.19,63,1,1.99,clear sky
535,Warrnambool,AU,-38.3833,142.4833,46.38,88,84,10.18,broken clouds
536,Bambanglipuro,ID,-7.95,110.2833,74.8,79,33,3.62,scattered clouds
537,Pathein,MM,16.7833,94.7333,78.78,88,100,4.76,overcast clouds
538,Rosario Do Sul,BR,-30.2583,-54.9142,63.28,52,51,9.75,broken clouds
539,Hailey,US,43.5196,-114.3153,46.9,86,90,6.91,overcast clouds
540,Kargasok,RU,59.0556,80.8572,40.26,96,100,9.28,overcast clouds
541,Voghera,IT,44.9947,9.0086,70.45,54,58,4.21,broken clouds
542,Kupiskis,LT,55.8333,24.9667,44.91,58,92,6.51,overcast clouds
543,Kununurra,AU,-15.7667,128.7333,78.78,61,98,4.61,overcast clouds
544,Borzya,RU,50.3833,116.5167,37.31,48,20,3.15,few clouds
545,Bangangte,CM,5.1409,10.5198,67.78,92,89,1.36,moderate rain
546,Harper,LR,4.375,-7.7169,80.62,80,84,10.47,light rain
547,Notse,TG,6.95,1.1667,85.35,67,98,3.29,light rain
548,Mecca,SA,21.4267,39.8261,91.13,36,12,6.02,few clouds
549,Bone,DE,51.9669,12.1396,62.26,65,2,2.28,clear sky
550,Norman Wells,CA,65.282,-126.8329,23.04,100,90,3.44,fog
551,Baracoa,CU,20.3467,-74.4958,84.81,74,30,12.17,scattered clouds
552,Tura,IN,25.5198,90.2201,74.43,90,15,2.48,few clouds
553,Guerrero Negro,MX,27.9769,-114.0611,71.71,70,95,16.91,overcast clouds
554,Kathu,TH,7.9178,98.3332,81.7,99,98,17.92,moderate rain
555,Alofi,NU,-19.0595,-169.9187,77.54,78,29,14.58,scattered clouds
556,Fayaoue,NC,-20.65,166.5333,71.67,66,0,19.3,clear sky
557,Jacareacanga,BR,-6.2222,-57.7528,100.96,34,74,2.33,broken clouds
558,Bathsheba,BB,13.2167,-59.5167,84.81,79,75,19.57,broken clouds
559,Kenai,US,60.5544,-151.2583,43.03,92,40,4.61,scattered clouds
560,Wonthaggi,AU,-38.6044,145.5913,48.7,80,41,9.82,scattered clouds
561,Caibarien,CU,22.5206,-79.4669,88.92,68,77,15.41,broken clouds
562,Naguabo,PR,18.2116,-65.7349,91.63,89,90,5.75,overcast clouds
563,Oliveira Dos Brejinhos,BR,-12.3169,-42.8961,101.03,16,14,3.53,few clouds
564,Tazovskiy,RU,67.4667,78.7,41.63,94,100,14.54,overcast clouds
565,Vestmannaeyjar,IS,63.4427,-20.2734,49.19,76,90,46.04,overcast clouds
566,Beidao,CN,34.5686,105.8933,52.38,90,0,4.29,clear sky
567,Iraquara,BR,-12.2486,-41.6194,92.26,25,9,8.84,clear sky
568,Bandar-E Lengeh,IR,26.5579,54.8807,89.71,62,0,9.22,clear sky
569,Victor Harbor,AU,-35.5667,138.6167,49.46,88,21,5.46,few clouds
570,Nhulunbuy,AU,-12.2333,136.7667,74.01,88,100,0.0,overcast clouds
571,Balsas,BR,-7.5325,-46.0356,102.34,17,21,5.57,few clouds
572,Kutum,SD,14.2,24.6667,86.83,17,4,5.53,clear sky
573,Puerto Escondido,MX,15.85,-97.0667,88.63,62,1,6.91,clear sky
574,San Ramon De La Nueva Oran,AR,-23.1322,-64.326,81.43,26,79,2.95,broken clouds
575,Boldumsaz,TM,42.1282,59.671,50.05,22,95,16.31,overcast clouds
576,Novopavlovka,RU,51.2172,109.2091,37.74,66,100,3.0,overcast clouds
577,Atar,MR,20.5169,-13.0499,106.39,10,98,13.06,overcast clouds
578,Maraa,BR,-1.8333,-65.3667,94.78,46,100,1.61,overcast clouds
579,Taksimo,RU,56.3444,114.8794,29.52,69,100,3.65,overcast clouds
580,Havre-Saint-Pierre,CA,50.2334,-63.5986,48.11,75,100,9.82,overcast clouds
581,Margate,GB,51.3813,1.3862,63.95,84,100,1.99,overcast clouds
582,Bar Harbor,US,44.3876,-68.2039,72.34,56,1,5.01,clear sky
583,Bowen,AU,-20.0167,148.2333,73.6,84,6,9.1,clear sky
584,Cedar Rapids,US,42.0083,-91.6441,71.11,89,90,1.99,mist
585,Kankon,IN,15.0167,74.0167,80.35,86,100,4.94,overcast clouds
586,Ngaoundere,CM,7.3167,13.5833,72.18,86,44,3.91,light rain
587,Cartagena Del Chaira,CO,1.3349,-74.8429,82.09,67,99,2.91,overcast clouds
588,Matara,LK,5.9485,80.5353,79.02,89,67,8.37,light rain
589,Amahai,ID,-3.3333,128.9167,75.16,91,91,2.62,overcast clouds
590,Kailua,US,21.4022,-157.7394,77.02,72,75,10.36,broken clouds
591,Nagato,JP,34.3833,131.2,71.2,84,0,2.84,clear sky
592,Ilam,NP,26.9167,87.9167,67.78,92,51,2.28,broken clouds
593,Mitchell,US,43.7094,-98.0298,68.74,74,1,5.99,clear sky
594,Taree,AU,-31.9,152.4667,63.34,72,90,10.36,overcast clouds
595,Lata,PT,40.1629,-8.3327,84.34,46,0,6.49,clear sky
596,Aden,YE,12.7794,45.0367,87.04,77,29,6.42,light rain
597,Charyshskoye,RU,51.3978,83.5598,33.66,68,100,6.64,overcast clouds
598,Majene,ID,-3.5403,118.9707,79.29,83,77,9.33,broken clouds
599,El Astillero,ES,43.4009,-3.8205,70.39,72,0,9.22,clear sky
600,Shu,KZ,43.5983,73.7614,42.85,33,0,12.64,clear sky
601,Warman,CA,52.3168,-106.5679,44.51,61,20,9.22,few clouds
602,Voh,NC,-20.9667,164.7,65.28,81,6,5.23,clear sky
603,Velyka Mykhaylivka,UA,47.0794,29.8514,49.57,30,7,10.71,clear sky
604,Bluefields,NI,12.0137,-83.7635,78.62,93,100,9.31,light rain
605,Goba,ET,7.0167,39.9833,52.34,92,89,3.02,light rain
606,Canala,NC,-21.5333,165.95,55.89,64,1,2.3,clear sky
607,Lasem,ID,-6.6922,111.4527,79.48,72,68,5.59,broken clouds
608,Ambon,ID,-3.6954,128.1814,75.34,94,40,6.91,scattered clouds
609,Leiyang,CN,26.4024,112.8591,65.8,76,63,7.11,broken clouds
610,Beringovskiy,RU,63.05,179.3167,32.13,95,99,2.13,overcast clouds
611,Chiredzi,ZW,-21.05,31.6667,76.5,53,54,12.64,broken clouds
612,Gazanjyk,TM,39.2446,55.5154,49.44,69,100,11.32,overcast clouds
613,Boende,CD,-0.2167,20.8667,84.4,63,90,2.33,overcast clouds
614,Aksarka,RU,66.5606,67.7975,43.65,86,100,16.87,overcast clouds
615,Malakal,SS,9.5334,31.6605,79.81,71,51,2.35,broken clouds
616,Saint-Augustin,CA,51.226,-58.6502,52.54,40,53,14.67,broken clouds
617,Gubkinskiy,RU,64.434,76.5026,42.89,94,100,16.22,light rain
618,The Pas,CA,53.8251,-101.2541,55.42,76,40,16.11,scattered clouds
619,Pingzhuang,CN,42.0372,119.2889,47.93,54,1,3.11,clear sky
620,Moissala,TD,8.3404,17.7663,81.57,79,57,4.72,broken clouds
621,Mitsamiouli,KM,-11.3847,43.2844,79.09,78,20,11.5,few clouds
622,Natal,BR,-5.795,-35.2094,88.45,58,75,18.41,broken clouds
623,Nehe,CN,48.4833,124.8333,42.15,66,3,7.29,clear sky
624,Taoudenni,ML,22.6783,-3.9836,106.47,5,0,16.28,clear sky
625,Cap-Aux-Meules,CA,47.3821,-61.8597,62.65,59,20,10.36,few clouds
626,Acarau,BR,-2.8856,-40.12,89.46,55,65,19.42,broken clouds
627,San Jose,US,37.3394,-121.895,60.66,68,75,3.44,broken clouds
628,Merauke,ID,-8.4667,140.3333,77.77,87,86,7.87,overcast clouds
629,Colomi,BO,-17.35,-65.8667,51.82,79,89,7.7,overcast clouds
630,Oktyabrskiy,RU,54.4815,53.471,42.06,69,8,0.45,clear sky
631,Saldanha,ZA,-33.0117,17.9442,61.39,86,3,15.82,clear sky
632,Porto Belo,BR,-27.1578,-48.5531,67.98,75,100,14.9,overcast clouds
633,Bodden Town,KY,19.2833,-81.25,89.98,71,40,8.01,scattered clouds
634,Nanortalik,GL,60.1432,-45.2371,41.18,57,43,2.66,scattered clouds
635,Whitley Bay,GB,55.0397,-1.4471,68.27,79,20,9.22,few clouds
636,Adrar,MR,20.5022,-10.0711,103.35,6,52,13.67,broken clouds
637,Chandbali,IN,20.7833,86.7667,82.45,82,86,6.64,overcast clouds
638,Aksu,CN,41.1231,80.2644,57.47,45,47,4.5,scattered clouds
639,Bandarbeyla,SO,9.4942,50.8122,81.57,73,49,20.47,scattered clouds
640,Qeshm,IR,26.9581,56.2719,89.49,70,0,10.13,clear sky
641,Mayor Pablo Lagerenza,PY,-19.9309,-60.7718,80.78,46,100,7.29,overcast clouds
642,Saint Anthony,US,45.0205,-93.218,67.24,78,90,1.99,overcast clouds
643,Slave Lake,CA,55.2834,-114.769,40.98,70,1,3.44,clear sky
644,Mangrol,IN,21.1167,70.1167,85.03,78,72,5.86,broken clouds
645,Kingman,US,35.1894,-114.053,72.9,59,20,4.61,few clouds
646,Manono,CD,-7.3,27.4167,85.48,40,66,3.33,broken clouds
647,Asfi,MA,32.2994,-9.2372,71.26,74,32,8.72,scattered clouds
648,Mananara,MG,-16.1667,49.7667,72.03,84,79,2.46,broken clouds
649,San Matias,BO,-16.3667,-58.4,90.16,47,90,3.02,overcast clouds
650,Casablanca,MA,33.5928,-7.6192,80.82,88,75,8.05,mist
651,Mulchen,CL,-37.7167,-72.2333,66.06,25,0,3.58,clear sky
652,North Bend,US,43.4065,-124.2243,47.88,100,40,3.44,mist
653,La Ronge,CA,55.1001,-105.2842,44.85,65,20,12.66,few clouds
654,Cururupu,BR,-1.8283,-44.8683,88.5,56,93,7.9,overcast clouds
655,Port-Gentil,GA,-0.7193,8.7815,77.5,79,82,9.55,broken clouds
656,Eyl,SO,7.9803,49.8164,78.82,81,71,22.57,broken clouds
657,Manado,ID,1.487,124.8455,77.77,88,40,1.14,scattered clouds
658,Mantua,IT,45.1667,10.7833,65.44,74,100,1.99,overcast clouds
659,Chimore,BO,-16.9833,-65.1333,85.93,59,66,1.95,broken clouds
660,Marzuq,YE,14.4,46.4667,84.69,36,84,8.59,broken clouds
661,Borovskoy,KZ,53.8,64.15,41.97,68,18,7.23,few clouds
662,Oromocto,CA,45.8351,-66.4792,72.25,56,1,5.75,clear sky
663,Bam,IR,29.106,58.357,85.19,9,31,0.47,scattered clouds
664,Yamada,JP,39.4667,141.95,66.09,96,100,11.3,overcast clouds
665,Ewa Beach,US,21.3156,-158.0072,76.98,71,20,11.01,few clouds
666,Whitehorse,CA,60.7161,-135.0538,33.31,91,100,10.0,overcast clouds
667,Bogo,PH,11.0517,124.0055,79.93,86,100,9.46,heavy intensity rain
668,Koltubanovskiy,RU,52.9407,52.0269,43.36,55,0,1.16,clear sky
669,Timra,SE,62.487,17.3257,51.51,71,82,5.75,broken clouds
670,Araceli,PH,10.5529,119.9913,83.25,77,100,8.68,overcast clouds
671,Fuyu,CN,45.1833,124.8167,47.61,59,47,8.41,scattered clouds
672,Tawau,MY,4.2498,117.8871,77.13,88,13,1.9,few clouds
673,Sena Madureira,BR,-9.0656,-68.6569,93.15,42,91,2.57,overcast clouds
674,Bytow,PL,54.1706,17.4919,55.51,69,44,5.7,scattered clouds
675,Port Blair,IN,11.6667,92.75,79.56,86,100,12.66,overcast clouds
676,Colborne,CA,44.0001,-77.8828,70.72,77,0,4.9,clear sky
677,Mahibadhoo,MV,3.7833,72.9667,83.57,75,100,14.56,overcast clouds
678,Srisailam,IN,16.0833,78.8667,75.76,88,93,2.98,overcast clouds
679,Pyaozerskiy,RU,65.8333,31.1667,51.04,81,100,17.43,overcast clouds
680,Macklin,CA,52.3334,-109.9348,41.34,63,1,2.21,clear sky
681,Yaan,NG,7.3833,8.5667,82.18,76,95,4.9,overcast clouds
682,Batagay-Alyta,RU,67.8006,130.4114,24.06,67,100,5.75,overcast clouds
683,Bull Savanna,JM,17.8868,-77.5902,84.9,63,32,11.25,scattered clouds
684,Vannes,FR,47.8333,-2.5,65.26,73,98,3.8,overcast clouds
685,Ust-Ishim,RU,57.6935,71.1665,39.13,93,79,4.9,broken clouds
686,Uvira,CD,-3.4067,29.1458,79.16,66,70,1.03,broken clouds
687,Tautira,PF,-17.7333,-149.15,73.42,77,13,5.46,few clouds
688,Marsh Harbour,BS,26.5412,-77.0636,84.29,65,18,13.58,few clouds
689,Yazman,PK,29.1212,71.7446,94.64,19,0,8.75,clear sky
690,Rajshahi,BD,24.3667,88.6,84.13,71,76,2.66,broken clouds
691,San Cristobal,VE,7.7669,-72.225,87.98,46,89,8.99,overcast clouds
692,Guatape,CO,6.2327,-75.1586,75.72,53,62,5.39,broken clouds
693,Livramento,BR,-3.0254,-60.1803,92.07,89,75,9.22,broken clouds
694,Qandala,SO,11.472,49.8728,85.6,76,14,2.46,light rain
695,Barrancas,CO,10.9576,-72.7877,92.64,50,71,7.43,broken clouds
696,Port Shepstone,ZA,-30.7414,30.455,68.47,86,100,27.6,overcast clouds
697,Spencer,US,43.1414,-95.1444,68.77,84,79,7.74,broken clouds
698,Avera,US,33.194,-82.5271,77.45,88,100,6.69,overcast clouds
699,Acapulco,MX,16.8634,-99.8901,85.82,74,20,6.91,few clouds
700,Smidovich,RU,48.6,133.8167,43.77,59,100,7.27,overcast clouds
701,Benghazi,LY,32.1167,20.0667,77.09,56,0,9.98,clear sky
702,Kiama,AU,-34.6833,150.8667,60.01,77,91,5.26,overcast clouds
